{
  "baseline": {
    "131_3_ProcessingMode.SEPARATE_0_1": 0.08641043300061331,
    "131_3_ProcessingMode.SEPARATE_1_2": 0.06841714899928775,
    "131_4_ProcessingMode.SEPARATE_0_2": 0.8320067840007445,
    "131_4_ProcessingMode.SEPARATE_1_1": 1.026988451667421,
    "243_3_ProcessingMode.SEPARATE_0_1": 0.23181560133283105,
    "243_3_ProcessingMode.SEPARATE_1_2": 0.351669220001592,
    "243_4_ProcessingMode.SEPARATE_0_2": 6.4901599833344035,
    "243_4_ProcessingMode.SEPARATE_1_1": 8.939781830000962
  },
  "pruning": {
    "131_3_ProcessingMode.SEPARATE_0_1": 0.050483882335053444,
    "131_3_ProcessingMode.SEPARATE_1_2": 0.030449537332363736,
    "131_4_ProcessingMode.SEPARATE_0_2": 0.4997103646674077,
    "131_4_ProcessingMode.SEPARATE_1_1": 0.5197855896646312,
    "243_3_ProcessingMode.SEPARATE_0_1": 0.11857869466621196,
    "243_3_ProcessingMode.SEPARATE_1_2": 0.1267677443320281,
    "243_4_ProcessingMode.SEPARATE_0_2": 3.4472925840018434,
    "243_4_ProcessingMode.SEPARATE_1_1": 3.7930946790002054
  },
  "speedups": {
    "131_3_ProcessingMode.SEPARATE_0_1": 1.7116439743504888,
    "131_3_ProcessingMode.SEPARATE_1_2": 2.246902744448914,
    "131_4_ProcessingMode.SEPARATE_0_2": 1.6649780409387813,
    "131_4_ProcessingMode.SEPARATE_1_1": 1.9757924653702696,
    "243_3_ProcessingMode.SEPARATE_0_1": 1.9549515364911925,
    "243_3_ProcessingMode.SEPARATE_1_2": 2.77412224895716,
    "243_4_ProcessingMode.SEPARATE_0_2": 1.8826832434977712,
    "243_4_ProcessingMode.SEPARATE_1_1": 2.356857022181512
  }
}